lng,lat,loginvdensity,invdensity
-60.941162,14.70331,0.1689121556471147,0.0026845637583892616
-60.981824,14.57158,0.1700930389255421,0.002797202797202797
-61.049058,14.614397,0.1202016721110002,0.0002437538086532602
-61.04284,14.616394,0.1202016721110002,0.0002437538086532602
-61.05835,14.61573,0.11933177140370167,0.00022941041523285156
-60.86686,14.438374,0.26269731101386307,0.022222222222222223
-61.07032,14.60816,0.1238396172274822,0.0003112356053532524
-61.0705,14.6188,0.12919876584560838,0.00043506634761801175
-60.99555,14.61236,0.12804516653083256,0.0004057618178129438
-61.05967,14.63345,0.12364780890749469,0.0003073613032119256
-61.0659,14.60365,0.12652763830140754,0.0003694808793644929
-61.019147,14.621758,0.132457187931732,0.0005263157894736842
-61.05421,14.61108,0.11933177140370167,0.00022941041523285156
-61.063669,14.538474,0.15457741639765474,0.0015503875968992248
-61.017079,14.528878,0.40242960438184466,0.08333333333333333
-60.996701,14.616932,0.12804516653083256,0.0004057618178129438
-61.139308,14.876867,0.1672552444253863,0.002531645569620253
-61.0553,14.60993,0.11933177140370167,0.00022941041523285156
-60.980194,14.62513,0.21443402172070247,0.009433962264150943
-61.033086,14.618011,0.16444456276083558,0.002285714285714286
-60.982574,14.589151,0.1770232891565654,0.0035211267605633804
-61.045263,14.615215,0.1202016721110002,0.0002437538086532602
-61.189213,14.760773,0.5138983423697507,0.14285714285714285
-61.07069,14.61001,0.11919053644159311,0.00022714366837024418
-61.05593,14.61885,0.1271891684734674,0.00038498556304138594
-60.937049,14.562852,0.14318872775021063,0.0009267840593141798
-61.061602,14.6041,0.12652763830140754,0.0003694808793644929
-61.03914,14.61966,0.12980421276870052,0.0004510599909788002
-60.9914,14.62131,0.16170373929150425,0.002061855670103093
-60.9821,14.62513,0.21443402172070247,0.009433962264150943
-61.06911,14.61029,0.11919053644159311,0.00022714366837024418
-61.0101512074,14.6443096774,0.1556845012619421,0.0016233766233766235
-61.000904,14.598398,0.25973030217227155,0.02127659574468085
-61.136287,14.780132,0.14326491696013255,0.0009302325581395349
-60.977634,14.634039,0.28599966750267436,0.030303030303030304
-61.0334,14.61814,0.12980421276870052,0.0004510599909788002
-61.07247,14.60816,0.1238396172274822,0.0003112356053532524
-61.045519,14.505099,0.19415978109779927,0.005797101449275362
-61.04358,14.64582,0.19185702504472515,0.005449591280653951
-61.031521,14.617205,0.16429062103753578,0.0022727272727272726
-61.05258,14.61108,0.11933177140370167,0.00022941041523285156
-61.006,14.61,0.1544482166667257,0.0015420200462606013
-61.054949,14.832534,0.143418395354435,0.0009372071227741331
-61.07475,14.60245,0.1238396172274822,0.0003112356053532524
-61.050593555,14.6156685646,0.11933177140370167,0.00022941041523285156
-61.0568270087,14.6180407595,0.11933177140370167,0.00022941041523285156
-61.08371,14.60475,0.13007676623010664,0.00045840018336007336
-61.0214741528,14.6201620441,0.132457187931732,0.0005263157894736842
-61.074318,14.519884,0.18501637139616725,0.0044943820224719105
-61.00977,14.63772,0.1556845012619421,0.0016233766233766235
-61.039519,14.626794,0.12980421276870052,0.0004510599909788002
-61.045224,14.615245,0.1202016721110002,0.0002437538086532602
-60.9836,14.5935,0.18812318138149772,0.004914004914004914
-61.03917,14.62597,0.12980421276870052,0.0004510599909788002
-61.0607,14.834787,0.19195751186603463,0.00546448087431694
-61.006,14.6231,0.13165449921062297,0.0005026388539834129
-61.072754,14.62562,0.12919876584560838,0.00043506634761801175
-61.05239,14.61339,0.11933177140370167,0.00022941041523285156
-61.07144,14.60957,0.11919053644159311,0.00022714366837024418
-61.0057,14.60906,0.1544482166667257,0.0015420200462606013
-61.00825,14.61222,0.1544482166667257,0.0015420200462606013
-61.00224,14.60421,0.20511990258137494,0.007633587786259542
-61.0508,14.6155,0.11933177140370167,0.00022941041523285156
-61.05456,14.61063,0.11933177140370167,0.00022941041523285156
-61.06595,14.60603,0.12652763830140754,0.0003694808793644929
-61.07181,14.61256,0.11919053644159311,0.00022714366837024418
-61.0548046231,14.6307941124,0.1278045766862161,0.00039984006397441024
-61.03621,14.61835,0.12980421276870052,0.0004510599909788002
-61.054995,14.537914,0.22062394912909378,0.010752688172043012
-61.182046,14.703064,0.16693895062784217,0.0025031289111389237
-61.018284,14.739579,0.15512261836642127,0.0015860428231562252
-61.040869,14.617522,0.16444456276083558,0.002285714285714286
-61.053304,14.598491,0.1361163655825682,0.0006447453255963894
-61.04564,14.61846,0.12409766930714135,0.0003165057762304162
-61.00747,14.60915,0.1544482166667257,0.0015420200462606013
-60.9941,14.6146,0.13374279184225693,0.0005659309564233164
-61.00516,14.61895,0.13165449921062297,0.0005026388539834129
-61.05492,14.62795,0.1278045766862161,0.00039984006397441024
-61.0532,14.6153,0.11933177140370167,0.00022941041523285156
-60.859473,14.522335,0.1865221982110868,0.004694835680751174
-60.97463,14.65669,0.1679756636589146,0.0025974025974025974
-60.902957,14.482418,0.16707893577593375,0.0025157232704402514
-61.005112,14.608361,0.3284587387530511,0.047619047619047616
-61.00322,14.60594,0.20511990258137494,0.007633587786259542
-60.98999,14.61571,0.13374279184225693,0.0005659309564233164
-61.00429,14.6074,0.3284587387530511,0.047619047619047616
-61.06189,14.61745,0.12859197526605415,0.00041946308724832214
-60.918342,14.612602,0.45511961331341877,0.1111111111111111
-61.04878,14.61659,0.1202016721110002,0.0002437538086532602
-60.990171,14.492484,0.7213475204444817,0.25
-60.964669,14.667043,0.15435648864128157,0.0015360983102918587
-61.0703,14.60531,0.1238396172274822,0.0003112356053532524
-61.042677,14.616507,0.1202016721110002,0.0002437538086532602
-61.09069,14.67708,0.33380820069533407,0.05
-61.05158,14.61437,0.11933177140370167,0.00022941041523285156
-60.914243,14.469074,0.1692986019578895,0.0027210884353741495
-61.06979,14.61602,0.11919053644159311,0.00022714366837024418
-60.9781,14.62951,0.28599966750267436,0.030303030303030304
-61.002872,14.612695,0.12804516653083256,0.0004057618178129438
-60.985144,14.574673,0.13657134657380762,0.0006607201850016518
-60.995934,14.612528,0.12804516653083256,0.0004057618178129438
-61.01002,14.63851,0.1556845012619421,0.0016233766233766235
-61.028371,14.81527,0.15934469309406255,0.0018814675446848542
-60.9898,14.5962,0.2506903984389969,0.018518518518518517
-61.07105,14.61814,0.11919053644159311,0.00022714366837024418
-61.023553,14.632795,0.12842997709170983,0.0004153686396677051
-61.082402,14.601484,0.13007676623010664,0.00045840018336007336
-61.0182,14.63443,0.12942952067651292,0.0004411116012351125
-61.06982,14.60809,0.1238396172274822,0.0003112356053532524
-61.0695,14.608,0.1238396172274822,0.0003112356053532524
-61.03538,14.6183,0.12980421276870052,0.0004510599909788002
-60.99746,14.60367,0.20511990258137494,0.007633587786259542
-60.98806,14.67652,0.17125671448389368,0.002911208151382824
-61.07326,14.60238,0.1238396172274822,0.0003112356053532524
-61.05978,14.61284,0.12859197526605415,0.00041946308724832214
-60.939982,14.689253,0.14316973720459816,0.000925925925925926
-61.02243,14.63327,0.12842997709170983,0.0004153686396677051
-60.99195,14.62122,0.16170373929150425,0.002061855670103093
-61.0724025965,14.6254097997,0.12919876584560838,0.00043506634761801175
-61.06005,14.60961,0.12859197526605415,0.00041946308724832214
-61.165545,14.693939,0.23868315209103041,0.015151515151515152
-61.01318,14.61523,0.1544482166667257,0.0015420200462606013
-61.04771,14.61036,0.1202016721110002,0.0002437538086532602
-61.00024,14.615998,0.12804516653083256,0.0004057618178129438
-61.07804,14.61952,0.12919876584560838,0.00043506634761801175
-61.01068,14.64323,0.1556845012619421,0.0016233766233766235
-60.98877,14.62889,0.1608594760130434,0.001996007984031936
-61.00737,14.61779,0.1544482166667257,0.0015420200462606013
-61.04764,14.61041,0.1202016721110002,0.0002437538086532602
-61.08169,14.61427,0.12731118848161002,0.0003878975950349108
-61.00022,14.60079,0.20511990258137494,0.007633587786259542
-61.060015,14.606146,0.12652763830140754,0.0003694808793644929
-61.05455,14.6105,0.11933177140370167,0.00022941041523285156
-61.07885,14.64553,0.14085271733130741,0.0008254230293025176
-61.0737,14.6101,0.11919053644159311,0.00022714366837024418
-61.04805,14.608551,0.1330418244531085,0.000544069640914037
-60.981489,14.732438,0.2925921504474306,0.03278688524590164
-61.026251,14.627424,0.12842997709170983,0.0004153686396677051
-61.06276,14.61468,0.12859197526605415,0.00041946308724832214
-60.934306,14.538708,0.16286951187663795,0.0021551724137931034
-61.05547,14.62316,0.1271891684734674,0.00038498556304138594
-61.043579,14.597421,0.23617733727628992,0.014492753623188406
-60.9619,14.61183,0.15868726769583963,0.0018331805682859762
-61.007538,14.611474,0.1544482166667257,0.0015420200462606013
-61.05876,14.61656,0.11933177140370167,0.00022941041523285156
-61.056854,14.602316,0.12092253815250495,0.00025614754098360657
-60.936296,14.560458,0.14318872775021063,0.0009267840593141798
-61.07172,14.61241,0.11919053644159311,0.00022714366837024418
-60.844122,14.504411,0.2530848692773169,0.019230769230769232
-61.0370886326,14.6238800824,0.12980421276870052,0.0004510599909788002
-61.03333,14.61806,0.12980421276870052,0.0004510599909788002
-61.08054,14.63291,0.14318872775021063,0.0009267840593141798
-61.00817,14.61226,0.1544482166667257,0.0015420200462606013
-61.03035,14.61794,0.16429062103753578,0.0022727272727272726
-61.06998,14.61177,0.11919053644159311,0.00022714366837024418
-60.98957,14.62189,0.16170373929150425,0.002061855670103093
-61.049044,14.628471,0.12429171927501714,0.0003205128205128205
-60.99946,14.59904,0.25973030217227155,0.02127659574468085
-61.00149,14.61916,0.14674498569846664,0.0010976948408342481
-61.0505,14.6144,0.11933177140370167,0.00022941041523285156
-61.09066,14.66971,0.22953106112437666,0.01282051282051282
-61.04967,14.61446,0.1202016721110002,0.0002437538086532602
-60.935653,14.688278,0.12916974854275978,0.00043431053203040176
-61.01801,14.62075,0.132457187931732,0.0005263157894736842
-60.903536,14.455105,0.20325282050390903,0.0072992700729927005
-61.03139,14.61837,0.1325034357384372,0.0005277044854881266
-60.97912,14.6255,0.21443402172070247,0.009433962264150943
-61.08847,14.6052,0.12822266331121057,0.00041017227235438887
-61.05424,14.59758,0.1361163655825682,0.0006447453255963894
-61.06363,14.60382,0.12652763830140754,0.0003694808793644929
-61.07002,14.63009,0.12522721920514968,0.0003403675970047651
-61.02785,14.61632,0.16429062103753578,0.0022727272727272726
-61.176513,14.744814,0.14091013957942697,0.0008278145695364238
-61.072049,14.604165,0.1238396172274822,0.0003112356053532524
-61.08446,14.60525,0.13007676623010664,0.00045840018336007336
-61.061675,14.616188,0.12859197526605415,0.00041946308724832214
-60.910826,14.5828,0.1516120795534807,0.001366120218579235
-61.0709542036,14.6206032549,0.12919876584560838,0.00043506634761801175
-61.04658,14.60028,0.1330418244531085,0.000544069640914037
-61.07182,14.60959,0.11919053644159311,0.00022714366837024418
-61.06884,14.60763,0.12652763830140754,0.0003694808793644929
-61.066968,14.538511,0.15457741639765474,0.0015503875968992248
-60.97886,14.62574,0.21443402172070247,0.009433962264150943
-61.054085,14.616166,0.11933177140370167,0.00022941041523285156
-60.97979,14.65685,0.1428875647984986,0.0009132420091324201
-61.01227,14.61353,0.1544482166667257,0.0015420200462606013
-61.0607528687,14.6253613541,0.12171042249696393,0.00027023375219564923
-61.0564478771,14.6082753571,0.12092253815250495,0.00025614754098360657
-61.04314,14.59538,0.23617733727628992,0.014492753623188406
-60.981781,14.505509,0.1782117710628721,0.003656307129798903
-61.07802,14.6203,0.12919876584560838,0.00043506634761801175
-60.920734,14.593172,0.1826694443345862,0.0041928721174004195
-60.99379,14.61993,0.16170373929150425,0.002061855670103093
-61.045521,14.831642,0.14551533167799316,0.0010362694300518134
-61.04083,14.61249,0.16444456276083558,0.002285714285714286
-60.982999,14.533009,0.15582273060516516,0.0016326530612244899
-61.03327,14.61821,0.12980421276870052,0.0004510599909788002
-61.174246,14.74864,0.13823961649548294,0.0007217610970768675
-61.07456,14.61642,0.11919053644159311,0.00022714366837024418
-61.0654688784,14.6040821089,0.12652763830140754,0.0003694808793644929
-61.05993,14.61699,0.12859197526605415,0.00041946308724832214
-61.03856,14.61827,0.12980421276870052,0.0004510599909788002
-61.04822,14.61466,0.1202016721110002,0.0002437538086532602
-61.0504245758,14.6143154849,0.1202016721110002,0.0002437538086532602
-60.925369,14.508687,0.16860796120178506,0.0026560424966799467
-61.06318,14.63669,0.14771829934571265,0.001148105625717566
-61.00084,14.61118,0.12804516653083256,0.0004057618178129438
-61.0746717453,14.6165302417,0.11919053644159311,0.00022714366837024418
-61.03242,14.61815,0.12980421276870052,0.0004510599909788002
-61.147338,14.767047,0.26425736993644544,0.022727272727272728
-61.02311,14.61867,0.1325034357384372,0.0005277044854881266
-61.06987,14.60367,0.1238396172274822,0.0003112356053532524
-61.0591,14.64182,0.13265247242026496,0.0005321979776476849
-61.0509,14.61142,0.11933177140370167,0.00022941041523285156
-61.0613,14.6155,0.12859197526605415,0.00041946308724832214
-61.03261,14.61693,0.16444456276083558,0.002285714285714286
-61.0761090184,14.6031855823,0.1238396172274822,0.0003112356053532524
-61.07846,14.61611,0.12731118848161002,0.0003878975950349108
-61.034052372,14.6181013193,0.12980421276870052,0.0004510599909788002
-61.165609,14.685481,0.21233540443616755,0.009009009009009009
-60.98881,14.64859,0.1757880496616162,0.00338409475465313
-60.98722,14.59593,0.2506903984389969,0.018518518518518517
-61.0239672661,14.6185788695,0.1325034357384372,0.0005277044854881266
-60.99641,14.59667,0.25973030217227155,0.02127659574468085
-61.0448026657,14.6159488707,0.1202016721110002,0.0002437538086532602
-61.0564595744,14.5971736375,0.1361163655825682,0.0006447453255963894
-61.05301,14.61444,0.11933177140370167,0.00022941041523285156
-61.091151,14.850227,0.20576925955053368,0.007751937984496124
-61.06161,14.61535,0.12859197526605415,0.00041946308724832214
-61.05709,14.60727,0.12092253815250495,0.00025614754098360657
-61.01411,14.6344,0.12942952067651292,0.0004411116012351125
-60.968,14.632,0.16969215118009143,0.002758620689655172
-61.0216751857,14.6219850766,0.132457187931732,0.0005263157894736842
-61.0186457634,14.6245793035,0.132457187931732,0.0005263157894736842
-61.0219448805,14.6194820589,0.132457187931732,0.0005263157894736842
-61.03597,14.61815,0.12980421276870052,0.0004510599909788002
-61.03833,14.61794,0.16444456276083558,0.002285714285714286
-60.902522,14.612955,0.14140276047260955,0.0008485362749257531
-61.03677,14.61839,0.12980421276870052,0.0004510599909788002
-60.99032,14.5961,0.2506903984389969,0.018518518518518517
-61.00365,14.61052,0.12804516653083256,0.0004057618178129438
-61.07994,14.603822,0.13007676623010664,0.00045840018336007336
-61.05522,14.63495,0.1278045766862161,0.00039984006397441024
-61.08101,14.61364,0.12731118848161002,0.0003878975950349108
-61.0881364346,14.6060237976,0.12822266331121057,0.00041017227235438887
-61.03904,14.62273,0.12980421276870052,0.0004510599909788002
-61.07221,14.60313,0.1238396172274822,0.0003112356053532524
-61.01896,14.61796,0.132457187931732,0.0005263157894736842
-61.01495,14.63426,0.12942952067651292,0.0004411116012351125
-61.07145,14.63881,0.13551956885042912,0.0006242197253433209
-60.962,14.6329,0.15927316838500055,0.001876172607879925
-60.962657,14.738456,0.14364163410496392,0.0009474182851729038
-60.96285,14.63253,0.15927316838500055,0.001876172607879925
-60.9749,14.64978,0.19827795135597165,0.0064516129032258064
-61.08427,14.61027,0.12731118848161002,0.0003878975950349108
-61.07544,14.61569,0.11919053644159311,0.00022714366837024418
-61.02079,14.61808,0.132457187931732,0.0005263157894736842
-60.985504,14.696705,0.16937673618781443,0.002728512960436562
-60.883554,14.466394,0.2282049114186687,0.0125
-61.028581,14.621105,0.1325034357384372,0.0005277044854881266
-61.0500812531,14.61384485,0.1202016721110002,0.0002437538086532602
-60.85207,14.560864,0.2484254983984692,0.017857142857142856
-60.926785,14.580915,0.2119318086698044,0.008928571428571428
-61.0716462135,14.6074288389,0.1238396172274822,0.0003112356053532524
-61.01841,14.481774,0.1817765975942041,0.004081632653061225
-61.07337,14.61719,0.11919053644159311,0.00022714366837024418
-61.04217,14.62415,0.12409766930714135,0.0003165057762304162
-60.99388,14.62013,0.16170373929150425,0.002061855670103093
-61.0443701708,14.6191445947,0.12409766930714135,0.0003165057762304162
-61.0522127153,14.6140836264,0.11933177140370167,0.00022941041523285156
-60.94974,14.740235,0.14517870284375267,0.0010198878123406426
-61.028581,14.621105,0.1325034357384372,0.0005277044854881266
-61.0598230362,14.6311055419,0.12364780890749469,0.0003073613032119256
-61.01096,14.61372,0.1544482166667257,0.0015420200462606013
-61.07255,14.62318,0.12919876584560838,0.00043506634761801175
-60.940658,14.544134,0.20815895490223127,0.00819672131147541
-60.99724,14.59806,0.25973030217227155,0.02127659574468085
-60.9971380236,14.5995452657,0.25973030217227155,0.02127659574468085
-60.941656,14.697343,0.1865221982110868,0.004694835680751174
-61.04664,14.61473,0.1202016721110002,0.0002437538086532602
-60.914581,14.585821,0.1669738591368838,0.002506265664160401
-61.04775,14.61034,0.1202016721110002,0.0002437538086532602
-60.935647,14.600798,0.1785038896841838,0.0036900369003690036
-61.0271,14.6183,0.1325034357384372,0.0005277044854881266
-61.0340023045,14.6161149735,0.16444456276083558,0.002285714285714286
-61.01119,14.6139,0.1544482166667257,0.0015420200462606013
-60.962346,14.509887,0.15215414028595545,0.0013986013986013986
-61.00535,14.6187,0.13165449921062297,0.0005026388539834129
-60.918653,14.530763,0.17186270204229376,0.0029717682020802376
-60.915445,14.761173,0.15372704148613042,0.0014958863126402393
-61.0028,14.6045,0.20511990258137494,0.007633587786259542
-60.955354,14.670292,0.16135637616624146,0.002034587995930824
-60.962199,14.514471,0.15215414028595545,0.0013986013986013986
-61.033722,14.653255,0.14297169207009125,0.0009170105456212746
-61.097036,14.609426,0.30341307554227914,0.037037037037037035
-61.054,14.60718,0.12092253815250495,0.00025614754098360657
-61.05928,14.60805,0.12092253815250495,0.00025614754098360657
-61.0349035265,14.633292444,0.14334147177031822,0.0009337068160597573
-61.0203,14.6183,0.132457187931732,0.0005263157894736842
-60.9904,14.62284,0.16170373929150425,0.002061855670103093
-60.975344,14.523607,0.14781880835162556,0.0011534025374855825
-60.964057,14.602605,0.36067376022224085,0.0625
-61.0830306847,14.6085868929,0.13007676623010664,0.00045840018336007336
-61.0652518272,14.6129727796,0.12859197526605415,0.00041946308724832214
-60.9586286545,14.7316113317,0.16937673618781443,0.002728512960436562
-60.99327,14.6204,0.16170373929150425,0.002061855670103093
-61.06031,14.61661,0.12859197526605415,0.00041946308724832214
-60.862584,14.474024,0.1498935792978906,0.001266624445851805
-60.9729208052,14.5586304256,0.20851619571212315,0.008264462809917356
-60.9806871414,14.6250845238,0.21443402172070247,0.009433962264150943
-60.9973686934,14.5998013653,0.20511990258137494,0.007633587786259542
-60.840182,14.513154,0.23955611574701857,0.015384615384615385
-60.99,14.5958,0.2506903984389969,0.018518518518518517
-61.07188,14.60936,0.11919053644159311,0.00022714366837024418
-61.01007,14.61315,0.1544482166667257,0.0015420200462606013
-61.06089,14.61577,0.12859197526605415,0.00041946308724832214
-61.0151,14.6268,0.132457187931732,0.0005263157894736842
-61.0345888138,14.6168624531,0.16444456276083558,0.002285714285714286
-61.00837,14.62706,0.1365528728628117,0.0006600660066006601
-61.06907,14.6049,0.12652763830140754,0.0003694808793644929
-61.04045,14.62756,0.14334147177031822,0.0009337068160597573
-60.9894,14.6255,0.16170373929150425,0.002061855670103093
-60.981096,14.764645,0.16761237088628497,0.002564102564102564
-60.9989976885,14.5982716861,0.25973030217227155,0.02127659574468085
-60.9897422793,14.6227452776,0.16170373929150425,0.002061855670103093
-61.02718,14.61106,0.16429062103753578,0.0022727272727272726
-61.07877,14.61129,0.12731118848161002,0.0003878975950349108
-60.8952,14.494042,0.173266949911753,0.003115264797507788
-60.98748,14.61989,0.16170373929150425,0.002061855670103093
-61.07293,14.6343,0.12522721920514968,0.0003403675970047651
-61.0361623766,14.618343554,0.12980421276870052,0.0004510599909788002
-61.04681,14.61033,0.1202016721110002,0.0002437538086532602
-61.01964,14.62083,0.132457187931732,0.0005263157894736842
-61.029,14.618,0.16429062103753578,0.0022727272727272726
-61.0067172,14.61840979,0.13165449921062297,0.0005026388539834129
-61.0718,14.6096,0.11919053644159311,0.00022714366837024418
-60.98573,14.65135,0.1757880496616162,0.00338409475465313
-61.00207,14.60356,0.20511990258137494,0.007633587786259542
-61.0655,14.6098,0.12859197526605415,0.00041946308724832214
-61.0052,14.61829,0.13165449921062297,0.0005026388539834129
-61.04324,14.5988,0.23617733727628992,0.014492753623188406
-61.07805,14.622,0.12919876584560838,0.00043506634761801175
-60.95954597,14.6174576623,0.18246047841995375,0.004166666666666667
-60.99465,14.66221,0.48089834696298783,0.125
-61.034213,14.537753,0.13727173419935224,0.0006858710562414266
-60.885901,14.463475,0.1736442188571542,0.0031545741324921135
-61.04013,14.61235,0.16444456276083558,0.002285714285714286
-61.0134,14.62643,0.132457187931732,0.0005263157894736842
-61.0597229013,14.6322266762,0.12364780890749469,0.0003073613032119256
-61.00139,14.61805,0.14674498569846664,0.0010976948408342481
-60.9892702103,14.6276642369,0.1608594760130434,0.001996007984031936
-61.05214,14.6068,0.12092253815250495,0.00025614754098360657
-60.9891128558,14.6304826771,0.1608594760130434,0.001996007984031936
-61.01082,14.61352,0.1544482166667257,0.0015420200462606013
-60.974786,14.523966,0.14781880835162556,0.0011534025374855825
-60.976653,14.736557,0.17402795669430518,0.003194888178913738
-61.07118,14.60841,0.1238396172274822,0.0003112356053532524
-61.07864,14.61323,0.12731118848161002,0.0003878975950349108
-61.02853,14.61798,0.16429062103753578,0.0022727272727272726
-61.05529,14.63504,0.1278045766862161,0.00039984006397441024
-61.0422,14.61166,0.1202016721110002,0.0002437538086532602
-60.99414,14.61959,0.16170373929150425,0.002061855670103093
-60.923352,14.468518,0.13828105275383443,0.0007233273056057866
-61.165239,14.678003,0.15249741203822265,0.0014194464158978
-60.99402,14.61457,0.13374279184225693,0.0005659309564233164
-61.072,14.6285,0.12522721920514968,0.0003403675970047651
-61.184154,14.712551,0.15056080818364337,0.001304631441617743
-61.07327,14.60519,0.1238396172274822,0.0003112356053532524
-60.928288,14.61852,0.36067376022224085,0.0625
-60.9895,14.6268,0.1608594760130434,0.001996007984031936
-61.06882,14.60781,0.12652763830140754,0.0003694808793644929
-61.0831,14.6156,0.12731118848161002,0.0003878975950349108
-61.07054,14.61242,0.11919053644159311,0.00022714366837024418
-61.04981,14.60811,0.1330418244531085,0.000544069640914037
-61.06019,14.61679,0.12859197526605415,0.00041946308724832214
-61.08733,14.60652,0.13007676623010664,0.00045840018336007336
-61.033216,14.788674,0.1744183629935754,0.003236245954692557
-61.033961,14.536257,0.15176979184844952,0.001375515818431912
-60.9886,14.62144,0.16170373929150425,0.002061855670103093
-60.999898911,14.5995037367,0.25973030217227155,0.02127659574468085
-60.99208,14.64067,0.15271327735172285,0.0014326647564469914
-61.03664,14.63108,0.14334147177031822,0.0009337068160597573
-61.0482,14.61444,0.1202016721110002,0.0002437538086532602
-61.06776,14.63238,0.12364780890749469,0.0003073613032119256
-60.99773,14.59924,0.25973030217227155,0.02127659574468085
-61.03295,14.61788,0.16444456276083558,0.002285714285714286
-61.04497,14.61194,0.1202016721110002,0.0002437538086532602
-61.00463,14.61461,0.1544482166667257,0.0015420200462606013
-61.03712,14.61346,0.16444456276083558,0.002285714285714286
-61.07146,14.60961,0.11919053644159311,0.00022714366837024418
-60.973799,14.524137,0.14781880835162556,0.0011534025374855825
-61.06651,14.60684,0.12652763830140754,0.0003694808793644929
-61.04816,14.61479,0.1202016721110002,0.0002437538086532602
-61.02766,14.61812,0.1325034357384372,0.0005277044854881266
-61.05335,14.61212,0.11933177140370167,0.00022941041523285156
-61.0528,14.61401,0.11933177140370167,0.00022941041523285156
-61.07205,14.62851,0.12522721920514968,0.0003403675970047651
-61.0599474519,14.6169068752,0.12859197526605415,0.00041946308724832214
-61.05343,14.59903,0.1361163655825682,0.0006447453255963894
-60.962668,14.486038,0.5581106265512472,0.16666666666666666
-60.9812664986,14.5949700352,0.18812318138149772,0.004914004914004914
-60.94532,14.54551,0.16853258732219525,0.0026490066225165563
-60.9845495224,14.594686244,0.18812318138149772,0.004914004914004914
-60.9944,14.6193,0.16170373929150425,0.002061855670103093
-61.0289,14.6182,0.1325034357384372,0.0005277044854881266
-61.04004,14.6361,0.14334147177031822,0.0009337068160597573
-61.06937,14.60816,0.1238396172274822,0.0003112356053532524
-61.07935,14.60179,0.13007676623010664,0.00045840018336007336
-61.00324,14.61047,0.12804516653083256,0.0004057618178129438
-60.98891,14.62305,0.16170373929150425,0.002061855670103093
-60.99,14.63,0.1608594760130434,0.001996007984031936
-60.98861,14.64783,0.1757880496616162,0.00338409475465313
-61.09893,14.616594,0.15067950788404183,0.0013114754098360656
-61.0692,14.60786,0.1238396172274822,0.0003112356053532524
-61.022519,14.670287,0.15101015504209003,0.0013306719893546241
-61.0145330431,14.634323603,0.12942952067651292,0.0004411116012351125
-61.00943,14.63056,0.1365528728628117,0.0006600660066006601
-60.99517,14.61745,0.12804516653083256,0.0004057618178129438
-60.97268,14.65818,0.1679756636589146,0.0025974025974025974
-61.0549,14.62505,0.1271891684734674,0.00038498556304138594
-61.07244,14.63008,0.12522721920514968,0.0003403675970047651
-61.02804,14.61809,0.1325034357384372,0.0005277044854881266
-61.05609,14.62053,0.1271891684734674,0.00038498556304138594
-60.940132,14.684334,0.14316973720459816,0.000925925925925926
-61.07809,14.6207,0.12919876584560838,0.00043506634761801175
-61.05411,14.63235,0.1278045766862161,0.00039984006397441024
-60.98608,14.65657,0.17862176294030402,0.003703703703703704
-60.99074,14.64532,0.1757880496616162,0.00338409475465313
-61.0717,14.6166,0.11919053644159311,0.00022714366837024418
-61.04578,14.61529,0.1202016721110002,0.0002437538086532602
-61.07285,14.62235,0.12919876584560838,0.00043506634761801175
-60.97819,14.62896,0.28599966750267436,0.030303030303030304
-61.02176,14.61821,0.132457187931732,0.0005263157894736842
-61.05178,14.60888,0.12092253815250495,0.00025614754098360657
-61.06558,14.60982,0.12859197526605415,0.00041946308724832214
-61.04644,14.60119,0.1330418244531085,0.000544069640914037
-61.06412,14.60446,0.12652763830140754,0.0003694808793644929
-61.06336,14.60336,0.12652763830140754,0.0003694808793644929
-61.0648602247,14.6131285055,0.12859197526605415,0.00041946308724832214
-61.0786,14.6236,0.13287430610093867,0.0005389382915656157
-60.9980034828,14.5971503768,0.25973030217227155,0.02127659574468085
-60.9947,14.59672,0.2506903984389969,0.018518518518518517
-61.05627,14.60527,0.12092253815250495,0.00025614754098360657
-60.99457,14.66245,0.48089834696298783,0.125
-61.0511,14.62404,0.1271891684734674,0.00038498556304138594
-61.05325,14.61503,0.11933177140370167,0.00022941041523285156
-61.023114,14.67094,0.15101015504209003,0.0013306719893546241
-60.97233,14.65664,0.1679756636589146,0.0025974025974025974
-60.9909,14.64514,0.1757880496616162,0.00338409475465313
-61.07069,14.60989,0.11919053644159311,0.00022714366837024418
-60.981417,14.507192,0.1782117710628721,0.003656307129798903
-60.9899353981,14.675296138,0.17125671448389368,0.002911208151382824
-61.06822,14.6074,0.12652763830140754,0.0003694808793644929
-61.05593,14.6162,0.11933177140370167,0.00022941041523285156
-60.84765,14.558392,0.2484254983984692,0.017857142857142856
-60.98718,14.59579,0.2506903984389969,0.018518518518518517
-60.99767,14.61637,0.12804516653083256,0.0004057618178129438
-60.97511,14.64916,0.19827795135597165,0.0064516129032258064
-61.0424,14.60774,0.1330418244531085,0.000544069640914037
-61.03896,14.62085,0.12980421276870052,0.0004510599909788002
-61.07442,14.60905,0.1238396172274822,0.0003112356053532524
-61.05229,14.61373,0.11933177140370167,0.00022941041523285156
-61.01018,14.64571,0.14486995069609598,0.0010050251256281408
-61.03056,14.61795,0.16429062103753578,0.0022727272727272726
-61.05263,14.61181,0.11933177140370167,0.00022941041523285156
-61.05692,14.61798,0.11933177140370167,0.00022941041523285156
-61.04562,14.61834,0.12409766930714135,0.0003165057762304162
-61.10777,14.754009,0.3898712452512801,0.07692307692307693
-61.022245,14.749771,0.14728549921374434,0.0011254924029262803
-61.078105,14.6201015,0.12919876584560838,0.00043506634761801175
-61.07018,14.61368,0.11919053644159311,0.00022714366837024418
-61.03613,14.61828,0.12980421276870052,0.0004510599909788002
-61.0006,14.61273,0.12804516653083256,0.0004057618178129438
-61.0729,14.6073,0.1238396172274822,0.0003112356053532524
-60.9988403,14.5977318,0.25973030217227155,0.02127659574468085
-61.032663,14.6179767,0.16444456276083558,0.002285714285714286
-61.0675,14.6114,0.12859197526605415,0.00041946308724832214
-61.004323,14.748043,0.15794041030198713,0.0017793594306049821
-60.979322,14.625399,0.21443402172070247,0.009433962264150943
-61.07168,14.6413,0.13551956885042912,0.0006242197253433209
-61.0339236,14.6182051,0.12980421276870052,0.0004510599909788002
-61.05138,14.61433,0.11933177140370167,0.00022941041523285156
-61.06459,14.60527,0.12652763830140754,0.0003694808793644929
-60.99343,14.62024,0.16170373929150425,0.002061855670103093
-61.00648,14.62157,0.13165449921062297,0.0005026388539834129
-61.0324001,14.6183297,0.12980421276870052,0.0004510599909788002
-61.0524,14.61317,0.11933177140370167,0.00022941041523285156
-60.973102,14.558886,0.20851619571212315,0.008264462809917356
-61.01202,14.707928,0.18587715234788066,0.004608294930875576
-61.06672,14.60913,0.12652763830140754,0.0003694808793644929
-61.089048,14.843216,0.318928988903801,0.043478260869565216
-61.03478,14.61823,0.12980421276870052,0.0004510599909788002
-61.05135,14.60185,0.12092253815250495,0.00025614754098360657
-61.092342,14.608907,0.12822266331121057,0.00041017227235438887
-61.0724841,14.6144478,0.11919053644159311,0.00022714366837024418
-61.05267,14.6153,0.11933177140370167,0.00022941041523285156
-61.04248,14.61647,0.1202016721110002,0.0002437538086532602
-61.0459575,14.6181051,0.1202016721110002,0.0002437538086532602
-60.909598,14.606532,0.2847748996615279,0.029850746268656716
-60.991,14.675,0.17125671448389368,0.002911208151382824
-60.9942627,14.5964859,0.2506903984389969,0.018518518518518517
-61.0359192,14.6331956,0.14334147177031822,0.0009337068160597573
-60.9917,14.638,0.15271327735172285,0.0014326647564469914
-60.960388,14.669435,0.15435648864128157,0.0015360983102918587
-60.966466,14.574607,0.13709189406716005,0.0006793478260869565
-61.00429,14.63091,0.1365528728628117,0.0006600660066006601
-60.9979,14.6125,0.12804516653083256,0.0004057618178129438
-61.00408,14.60744,0.20511990258137494,0.007633587786259542
-61.058,14.6219,0.1271891684734674,0.00038498556304138594
-61.062,14.6153,0.12859197526605415,0.00041946308724832214
-60.99722,14.60872,0.12804516653083256,0.0004057618178129438
-60.9974,14.6005,0.20511990258137494,0.007633587786259542
-60.97231,14.65636,0.1679756636589146,0.0025974025974025974
-61.02533,14.71294,0.17511825244545517,0.0033112582781456954
-60.879278,14.524059,0.1633907523682738,0.002197802197802198
-61.07594,14.61514,0.11919053644159311,0.00022714366837024418
-61.0059,14.65279,0.14486995069609598,0.0010050251256281408
-61.06064,14.61612,0.12859197526605415,0.00041946308724832214
-60.99521,14.59666,0.25973030217227155,0.02127659574468085
-61.03686,14.62194,0.12980421276870052,0.0004510599909788002
-61.040915,14.638825,0.1466389538492905,0.0010922992900054614
-61.071029,14.605015,0.1238396172274822,0.0003112356053532524
-61.06149,14.603,0.12652763830140754,0.0003694808793644929
-61.06346,14.61062,0.12859197526605415,0.00041946308724832214
-61.06023,14.61024,0.12859197526605415,0.00041946308724832214
-61.04137,14.63001,0.12429171927501714,0.0003205128205128205
-61.059103,14.627446,0.1278045766862161,0.00039984006397441024
-61.092417,14.611014,0.12205975128537876,0.00027666343892654584
-61.01033,14.6436,0.1556845012619421,0.0016233766233766235
-61.046,14.614,0.1202016721110002,0.0002437538086532602
-60.899979,14.619973,0.14775592001556617,0.0011500862564692352
-60.99518,14.61753,0.12804516653083256,0.0004057618178129438
-60.999,14.6,0.20511990258137494,0.007633587786259542
-61.0634,14.61403,0.12859197526605415,0.00041946308724832214
-61.05474,14.61059,0.11933177140370167,0.00022941041523285156
-61.0042906,14.6189388,0.13165449921062297,0.0005026388539834129
-60.99369,14.708219,0.20065789214663352,0.00684931506849315
-61.07811,14.6141,0.11919053644159311,0.00022714366837024418
-61.0527,14.61421,0.11933177140370167,0.00022941041523285156
-60.953887,14.734342,0.24954251462921184,0.01818181818181818
-60.9529,14.6093,0.14662721414859559,0.001091703056768559
-60.9788,14.626,0.21443402172070247,0.009433962264150943
-61.05133,14.61838,0.1271891684734674,0.00038498556304138594
-61.0434,14.64287,0.15303353826711188,0.0014524328249818446
-61.0344,14.6181,0.12980421276870052,0.0004510599909788002
-60.999,14.5981,0.25973030217227155,0.02127659574468085
-60.966783,14.599884,0.36067376022224085,0.0625
-60.9925,14.5962,0.2506903984389969,0.018518518518518517
-61.0864,14.6532,0.15834415083973816,0.0018083182640144665
-61.04097,14.6389,0.15303353826711188,0.0014524328249818446
-61.03551,14.618153,0.12980421276870052,0.0004510599909788002
-61.07387,14.60407,0.1238396172274822,0.0003112356053532524
-61.107658,14.829926,0.19561862066213792,0.006024096385542169
-61.01041,14.64711,0.14486995069609598,0.0010050251256281408
-61.0206091,14.6185235,0.132457187931732,0.0005263157894736842
-61.042453,14.656342,0.16815968212215152,0.00261437908496732
-61.0221,14.61854,0.132457187931732,0.0005263157894736842
-61.0409,14.6154,0.16444456276083558,0.002285714285714286
-61.11498,14.817988,0.16536108087822513,0.002364066193853428
-61.136727,14.637943,0.13578567671090808,0.0006333122229259025
-61.023034,14.757982,0.181375337569308,0.004032258064516129
-61.010429,14.643593,0.1556845012619421,0.0016233766233766235
-60.9947,14.5966,0.2506903984389969,0.018518518518518517
-61.08335,14.61599,0.12731118848161002,0.0003878975950349108
-60.99529,14.61232,0.12804516653083256,0.0004057618178129438
-61.011548,14.65513,0.1507541074739977,0.0013157894736842105
-61.00149,14.61119,0.12804516653083256,0.0004057618178129438
-60.98898,14.62327,0.16170373929150425,0.002061855670103093
-61.0224,14.6463,0.1526465787101929,0.0014285714285714286
-61.0298,14.621,0.1325034357384372,0.0005277044854881266
-61.04574,14.61489,0.1202016721110002,0.0002437538086532602
-61.04307,14.62152,0.12409766930714135,0.0003165057762304162
-61.0141,14.6345,0.12942952067651292,0.0004411116012351125
-60.9755,14.6566,0.1679756636589146,0.0025974025974025974
-61.008646,14.771635,0.19236329154092097,0.0055248618784530384
-60.963537,14.571944,0.1508440496878009,0.001321003963011889
-61.0194397,14.6182605,0.132457187931732,0.0005263157894736842
-61.06885,14.60783,0.12652763830140754,0.0003694808793644929
-60.9917,14.6372,0.15271327735172285,0.0014326647564469914
-61.0205,14.6195,0.132457187931732,0.0005263157894736842
-61.03893,14.62008,0.12980421276870052,0.0004510599909788002
-61.0569,14.6181,0.11933177140370167,0.00022941041523285156
-61.06007,14.63074,0.12364780890749469,0.0003073613032119256
-61.03888,14.62079,0.12980421276870052,0.0004510599909788002
-61.03903,14.6251,0.12980421276870052,0.0004510599909788002
-61.00025,14.6159,0.12804516653083256,0.0004057618178129438
-60.956046,14.645042,0.183379169420684,0.004282655246252677
-61.0818,14.6145,0.12731118848161002,0.0003878975950349108
-60.9083,14.699273,0.209243389805969,0.008403361344537815
-60.85815,14.545796,0.18571843568225221,0.0045871559633027525
-60.859768,14.460246,0.2583177668073288,0.020833333333333332
-61.06944,14.62069,0.12919876584560838,0.00043506634761801175
-61.08078,14.6109864,0.12731118848161002,0.0003878975950349108
-61.03144,14.61839,0.1325034357384372,0.0005277044854881266
-61.07308,14.63415,0.12522721920514968,0.0003403675970047651
-60.834648,14.443814,0.18587715234788066,0.004608294930875576
-60.91824,14.487612,0.19165718337331952,0.005420054200542005
-60.918127,14.759897,0.15372704148613042,0.0014958863126402393
-61.06127,14.60818,0.12652763830140754,0.0003694808793644929
-61.06052,14.62541,0.12171042249696393,0.00027023375219564923
-61.07,14.613,0.11919053644159311,0.00022714366837024418
-61.00274,14.61318,0.12804516653083256,0.0004057618178129438
-61.034358,14.665777,0.14479629302180844,0.00100150225338007
-61.103839,14.749929,0.40242960438184466,0.08333333333333333
-61.01,14.613,0.1544482166667257,0.0015420200462606013
-61.028,14.61823,0.1325034357384372,0.0005277044854881266
-61.0554,14.6395,0.13265247242026496,0.0005321979776476849
-60.940132,14.690213,0.1865221982110868,0.004694835680751174
-61.04301,14.60015,0.1330418244531085,0.000544069640914037
-61.127624,14.769047,0.1785038896841838,0.0036900369003690036
-61.174348,14.87275,0.19802544836217253,0.00641025641025641
-60.932246,14.604453,0.1785038896841838,0.0036900369003690036
-60.9899139,14.6548696,0.17862176294030402,0.003703703703703704
-61.04084,14.61246,0.16444456276083558,0.002285714285714286
-61.05328,14.64028,0.13265247242026496,0.0005321979776476849
-60.931678,14.605174,0.1785038896841838,0.0036900369003690036
-60.962577,14.477348,0.16507222610092406,0.0023391812865497076
-61.01309,14.61497,0.1544482166667257,0.0015420200462606013
-61.08032,14.6041,0.13007676623010664,0.00045840018336007336
-61.07628,14.61357,0.11919053644159311,0.00022714366837024418
-61.02716,14.61834,0.1325034357384372,0.0005277044854881266
-60.989399,14.6279843,0.1608594760130434,0.001996007984031936
-60.9958,14.59662,0.25973030217227155,0.02127659574468085
-61.003304,14.784551,0.23782951347935782,0.014925373134328358
-60.98862,14.64737,0.1757880496616162,0.00338409475465313
-61.04185,14.64007,0.15303353826711188,0.0014524328249818446
-61.05819,14.59944,0.1361163655825682,0.0006447453255963894
-61.0672,14.609,0.12652763830140754,0.0003694808793644929
-60.989353,14.628944,0.1608594760130434,0.001996007984031936
-60.893741,14.607536,0.15495167447311847,0.0015748031496062992
-61.06115,14.60382,0.12652763830140754,0.0003694808793644929
-61.06277,14.61458,0.12859197526605415,0.00041946308724832214
-61.0545498,14.6095156,0.11933177140370167,0.00022941041523285156
-61.07147,14.61639,0.11919053644159311,0.00022714366837024418
-61.032,14.616,0.16444456276083558,0.002285714285714286
-61.07976,14.62246,0.13287430610093867,0.0005389382915656157
-60.963312,14.479088,0.16507222610092406,0.0023391812865497076
-60.876231,14.438135,0.19853273972060323,0.006493506493506494
-60.963322,14.742237,0.14364163410496392,0.0009474182851729038
-60.9799,14.63223,0.28599966750267436,0.030303030303030304
-60.9925,14.5962,0.2506903984389969,0.018518518518518517
-60.9964371,14.6099136,0.12804516653083256,0.0004057618178129438
-61.03551,14.618154,0.12980421276870052,0.0004510599909788002
-61.0606813,14.6044111,0.12652763830140754,0.0003694808793644929
-60.860533,14.474359,0.1498935792978906,0.001266624445851805
-61.016921,14.742762,0.15512261836642127,0.0015860428231562252
-60.963264,14.741968,0.14364163410496392,0.0009474182851729038
-61.0249917,14.6184829,0.1325034357384372,0.0005277044854881266
-60.994771,14.664756,0.36926937306885504,0.06666666666666667
-61.00669,14.61812,0.13165449921062297,0.0005026388539834129
-61.049214,14.614388,0.1202016721110002,0.0002437538086532602
-61.03022,14.61779,0.16429062103753578,0.0022727272727272726
-61.07242,14.62982,0.12522721920514968,0.0003403675970047651
-61.13876,14.645915,0.13578567671090808,0.0006333122229259025
-61.04832,14.60628,0.1330418244531085,0.000544069640914037
-61.072,14.61541,0.11919053644159311,0.00022714366837024418
-61.05563,14.62209,0.1271891684734674,0.00038498556304138594
-61.04083,14.61244,0.16444456276083558,0.002285714285714286
-61.07936,14.61157,0.12731118848161002,0.0003878975950349108
-61.013,14.615,0.1544482166667257,0.0015420200462606013
-61.04019,14.62737,0.14334147177031822,0.0009337068160597573
-61.053075,14.822406,0.16683457378359495,0.0024937655860349127
-61.164687,14.679482,0.15249741203822265,0.0014194464158978
-60.9948349,14.6130835,0.12804516653083256,0.0004057618178129438
-61.056481,14.832892,0.143418395354435,0.0009372071227741331
-61.009419,14.481743,0.1773008008755385,0.003552397868561279
-60.933437,14.603248,0.1785038896841838,0.0036900369003690036
-60.98385,14.59336,0.18812318138149772,0.004914004914004914
-60.97072,14.632903,0.16969215118009143,0.002758620689655172
-61.04665,14.61766,0.1202016721110002,0.0002437538086532602
-61.00792,14.62625,0.13165449921062297,0.0005026388539834129
-61.034,14.618,0.16444456276083558,0.002285714285714286
-61.05654,14.62682,0.1271891684734674,0.00038498556304138594
-60.963789,14.573361,0.13709189406716005,0.0006793478260869565
-60.859687,14.542566,0.318928988903801,0.043478260869565216
-60.868742,14.540697,0.2576281241415711,0.020618556701030927
-60.9741,14.6401,0.17669460948483237,0.003484320557491289
-61.0193932,14.6241658,0.132457187931732,0.0005263157894736842
-60.95828,14.509134,0.22062394912909378,0.010752688172043012
-61.0733,14.6035,0.1238396172274822,0.0003112356053532524
-60.9882,14.6215,0.16170373929150425,0.002061855670103093
-61.0407,14.6177,0.16444456276083558,0.002285714285714286
-61.0037613,14.6189526,0.14674498569846664,0.0010976948408342481
-60.99168,14.61243,0.13374279184225693,0.0005659309564233164
-61.103127,14.831699,0.3235154531486725,0.045454545454545456
-61.034,14.618,0.16444456276083558,0.002285714285714286
-60.935135,14.632996,0.17402795669430518,0.003194888178913738
-60.98884,14.64915,0.1757880496616162,0.00338409475465313
-61.04076,14.63279,0.14334147177031822,0.0009337068160597573
-60.9951,14.667,0.36926937306885504,0.06666666666666667
-61.00075,14.60982,0.12804516653083256,0.0004057618178129438
-61.00981,14.63785,0.1556845012619421,0.0016233766233766235
-61.0048056,14.6130835,0.1544482166667257,0.0015420200462606013
-61.04376,14.64343,0.15303353826711188,0.0014524328249818446
-61.020148,14.529377,0.40242960438184466,0.08333333333333333
-60.98424,14.59426,0.18812318138149772,0.004914004914004914
-60.949118,14.509015,0.17095990351369836,0.002881844380403458
-61.0018,14.61075,0.12804516653083256,0.0004057618178129438
-61.04426,14.60271,0.1330418244531085,0.000544069640914037
-61.017,14.6227,0.132457187931732,0.0005263157894736842
-61.0047,14.6154,0.1544482166667257,0.0015420200462606013
-61.097106,14.609561,0.15067950788404183,0.0013114754098360656
-60.843707,14.544119,0.13464664715834704,0.0005950609937518596
-60.9917164,14.6353271,0.1608594760130434,0.001996007984031936
-61.07006,14.61059,0.11919053644159311,0.00022714366837024418
-61.05324,14.61266,0.11933177140370167,0.00022941041523285156
-60.989155,14.623663,0.16170373929150425,0.002061855670103093
-60.998,14.613,0.12804516653083256,0.0004057618178129438
-60.991363,14.6718,0.18211613340241414,0.004123711340206186
-61.0795,14.62803,0.14318872775021063,0.0009267840593141798
-61.0478,14.617,0.1202016721110002,0.0002437538086532602
-61.042571,14.610633,0.1202016721110002,0.0002437538086532602
-60.843149,14.54187,0.15467026517447957,0.0015564202334630351
-60.907055,14.51224,0.16523219868185138,0.002352941176470588
-60.99189,14.61808,0.16170373929150425,0.002061855670103093
-60.9901428,14.6294861,0.1608594760130434,0.001996007984031936
-60.9941483,14.6329464,0.1608594760130434,0.001996007984031936
-61.04543,14.61173,0.1202016721110002,0.0002437538086532602
-61.072655,14.810131,0.17496644461376482,0.0032948929159802307
-60.964481,14.572645,0.13709189406716005,0.0006793478260869565
-60.946832,14.47056,0.2484254983984692,0.017857142857142856
-60.994,14.615,0.13374279184225693,0.0005659309564233164
-61.06877,14.60907,0.12652763830140754,0.0003694808793644929
-61.05036,14.61453,0.1202016721110002,0.0002437538086532602
-61.0617,14.6038,0.12652763830140754,0.0003694808793644929
-60.9831,14.5952,0.18812318138149772,0.004914004914004914
-61.07167,14.61228,0.11919053644159311,0.00022714366837024418
-60.94172,14.697789,0.1865221982110868,0.004694835680751174
-60.970109,14.695485,0.16342011062832618,0.0022002200220022
-61.092342,14.608907,0.12822266331121057,0.00041017227235438887
-60.9488,14.6208,0.1529825883736795,0.0014492753623188406
-61.04078,14.61516,0.16444456276083558,0.002285714285714286
-61.02388,14.6225,0.1325034357384372,0.0005277044854881266
-61.0609,14.6187,0.12171042249696393,0.00027023375219564923
-60.899813,14.549929,0.17527108180129272,0.0033277870216306157
-61.0438,14.6195,0.12409766930714135,0.0003165057762304162
-60.989399,14.5961052,0.2506903984389969,0.018518518518518517
-60.9761,14.62503,0.21443402172070247,0.009433962264150943
-61.07218,14.62302,0.12919876584560838,0.00043506634761801175
-60.941315,14.695542,0.1865221982110868,0.004694835680751174
-61.0755,14.494389,0.1856394512983458,0.004576659038901602
-61.03973,14.63037,0.14334147177031822,0.0009337068160597573
-61.06026,14.60464,0.12652763830140754,0.0003694808793644929
-60.96513,14.572182,0.1508440496878009,0.001321003963011889
-61.0698428,14.6154817,0.11919053644159311,0.00022714366837024418
-60.95478,14.64663,0.183379169420684,0.004282655246252677
-60.99311,14.66807,0.18211613340241414,0.004123711340206186
-61.06889,14.60311,0.12652763830140754,0.0003694808793644929
-60.99787,14.61255,0.12804516653083256,0.0004057618178129438
-61.0762,14.61345,0.11919053644159311,0.00022714366837024418
-61.043574,14.643262,0.15303353826711188,0.0014524328249818446
-61.0726333,14.6053732,0.1238396172274822,0.0003112356053532524
-60.97621,14.64498,0.16853258732219525,0.0026490066225165563
-60.99,14.66,0.17862176294030402,0.003703703703703704
-61.04879,14.6146,0.1202016721110002,0.0002437538086532602
-60.98776,14.59566,0.2506903984389969,0.018518518518518517
-61.07049,14.61326,0.11919053644159311,0.00022714366837024418
-61.138712,14.645697,0.13578567671090808,0.0006333122229259025
-61.03445,14.618089,0.12980421276870052,0.0004510599909788002
-61.07226,14.63518,0.12522721920514968,0.0003403675970047651
-61.0558,14.60906,0.12092253815250495,0.00025614754098360657
-61.05543,14.60945,0.11933177140370167,0.00022941041523285156
-60.976245,14.687811,0.17436919048688748,0.0032310177705977385
-60.992349,14.480403,0.2074567608530314,0.008064516129032258
-61.00841,14.63348,0.1365528728628117,0.0006600660066006601
-61.0404,14.6267,0.12980421276870052,0.0004510599909788002
-61.06271,14.61461,0.12859197526605415,0.00041946308724832214
-61.036,14.615,0.16444456276083558,0.002285714285714286
-61.0389742,14.6212538,0.12980421276870052,0.0004510599909788002
-61.04969,14.61455,0.1202016721110002,0.0002437538086532602
-61.04026,14.61853,0.12980421276870052,0.0004510599909788002
-61.021537,14.712048,0.17134226414568518,0.00291970802919708
-61.06906,14.60751,0.1238396172274822,0.0003112356053532524
-61.08716,14.64477,0.14085271733130741,0.0008254230293025176
-61.0305,14.6179,0.16429062103753578,0.0022727272727272726
-60.87533,14.584165,0.23868315209103041,0.015151515151515152
-61.04543,14.61034,0.1202016721110002,0.0002437538086532602
-60.99451,14.61952,0.16170373929150425,0.002061855670103093
-61.0138607,14.6188419,0.132457187931732,0.0005263157894736842
-61.04493,14.61885,0.12409766930714135,0.0003165057762304162
-61.0085392,14.6336073,0.1365528728628117,0.0006600660066006601
-60.95438,14.6336662,0.16621906201169442,0.0024390243902439024
-61.04306,14.61145,0.1202016721110002,0.0002437538086532602
-61.040543,14.82543,0.4170323914242463,0.09090909090909091
-61.01228,14.61457,0.1544482166667257,0.0015420200462606013
-61.06768,14.60186,0.12652763830140754,0.0003694808793644929
-60.991003,14.644548,0.15271327735172285,0.0014326647564469914
-61.06271,14.6062,0.12652763830140754,0.0003694808793644929
-61.06944,14.60448,0.1238396172274822,0.0003112356053532524
-60.985868,14.755614,0.1601743836383955,0.001943634596695821
-61.0437,14.6433,0.15303353826711188,0.0014524328249818446
-61.0103,14.6135,0.1544482166667257,0.0015420200462606013
-61.071,14.60355,0.1238396172274822,0.0003112356053532524
-61.201583,14.773772,0.267546386419054,0.023809523809523808
-60.99458,14.61759,0.13374279184225693,0.0005659309564233164
-61.182775,14.754735,0.20780583746414044,0.008130081300813009
-60.928202,14.580178,0.2119318086698044,0.008928571428571428
-60.9841,14.59406,0.18812318138149772,0.004914004914004914
-60.97595,14.543485,0.40242960438184466,0.08333333333333333
-61.201851,14.774426,0.267546386419054,0.023809523809523808
-61.00729,14.61796,0.13165449921062297,0.0005026388539834129
-61.01978,14.6183,0.132457187931732,0.0005263157894736842
-61.0503,14.6147,0.1202016721110002,0.0002437538086532602
-61.07986,14.63112,0.14318872775021063,0.0009267840593141798
-61.07943,14.61239,0.12731118848161002,0.0003878975950349108
-61.0667,14.60907,0.12652763830140754,0.0003694808793644929
-61.03661,14.61818,0.12980421276870052,0.0004510599909788002
-61.176246,14.74299,0.14091013957942697,0.0008278145695364238
-61.0049,14.6081,0.3284587387530511,0.047619047619047616
-61.05461,14.61007,0.11933177140370167,0.00022941041523285156
-61.04686,14.60668,0.1330418244531085,0.000544069640914037
-60.999283,14.791247,0.22062394912909378,0.010752688172043012
-61.0468244,14.6175531,0.1202016721110002,0.0002437538086532602
-61.03769,14.61824,0.12980421276870052,0.0004510599909788002
-61.04344,14.61628,0.1202016721110002,0.0002437538086532602
-61.181171,14.700992,0.16693895062784217,0.0025031289111389237
-60.987908,14.574841,0.2835784920513334,0.029411764705882353
-60.9842777,14.5947831,0.18812318138149772,0.004914004914004914
-61.167208,14.750512,0.20544281918875867,0.007692307692307693
-61.05295,14.61472,0.11933177140370167,0.00022941041523285156
-61.033688,14.827659,0.17995878024236606,0.003861003861003861
-61.04394,14.61593,0.1202016721110002,0.0002437538086532602
-61.03566,14.63393,0.14334147177031822,0.0009337068160597573
-61.06008,14.62795,0.12364780890749469,0.0003073613032119256
-61.04231,14.60465,0.1330418244531085,0.000544069640914037
-61.0557175,14.6090657,0.12092253815250495,0.00025614754098360657
-61.05793,14.65383,0.1450182735824838,0.0010121457489878543
-60.945902,14.743229,0.1441480071814204,0.000970873786407767
-61.0283,14.60963,0.16429062103753578,0.0022727272727272726
-60.9891844,14.6205652,0.16170373929150425,0.002061855670103093
-61.06882,14.60987,0.12859197526605415,0.00041946308724832214
-60.989528,14.773643,0.14940260617315615,0.0012391573729863693
-61.05928,14.59601,0.1361163655825682,0.0006447453255963894
-61.05404,14.61491,0.11933177140370167,0.00022941041523285156
-61.08235,14.61593,0.12731118848161002,0.0003878975950349108
-61.05964,14.63543,0.12364780890749469,0.0003073613032119256
-61.0703,14.61431,0.11919053644159311,0.00022714366837024418
-61.06051,14.6256,0.12171042249696393,0.00027023375219564923
-61.155519,14.668403,0.17746891550973914,0.0035714285714285713
-61.06813,14.60817,0.12652763830140754,0.0003694808793644929
-61.066,14.605,0.12652763830140754,0.0003694808793644929
-61.07865,14.62469,0.13287430610093867,0.0005389382915656157
-61.08587,14.64334,0.14085271733130741,0.0008254230293025176
-61.04124,14.61427,0.1202016721110002,0.0002437538086532602
-61.04503,14.61879,0.12409766930714135,0.0003165057762304162
-61.04076,14.6125,0.16444456276083558,0.002285714285714286
-61.04679,14.61359,0.1202016721110002,0.0002437538086532602
-60.99522,14.6175,0.12804516653083256,0.0004057618178129438
-61.01887,14.62264,0.132457187931732,0.0005263157894736842
-61.0550689,14.6206641,0.1271891684734674,0.00038498556304138594
-61.03587,14.61827,0.12980421276870052,0.0004510599909788002
-61.031495,14.620585,0.1325034357384372,0.0005277044854881266
-60.99825,14.612556,0.12804516653083256,0.0004057618178129438
-60.990869,14.526822,0.3396232718951086,0.05263157894736842
-61.0046625,14.6187415,0.13165449921062297,0.0005026388539834129
-61.00486,14.61846,0.13165449921062297,0.0005026388539834129
-61.059884,14.62995,0.12364780890749469,0.0003073613032119256
-61.05926,14.64479,0.13265247242026496,0.0005321979776476849
-61.06359,14.60309,0.12652763830140754,0.0003694808793644929
-61.07328,14.61683,0.11919053644159311,0.00022714366837024418
-61.05337,14.64356,0.13265247242026496,0.0005321979776476849
-61.02441,14.62498,0.1325034357384372,0.0005277044854881266
-60.9892,14.6308,0.1608594760130434,0.001996007984031936
-61.0731006,14.6145448,0.11919053644159311,0.00022714366837024418
-61.123356,14.767035,0.18571843568225221,0.0045871559633027525
-61.04028,14.6177,0.16444456276083558,0.002285714285714286
-61.051,14.618,0.11933177140370167,0.00022941041523285156
-60.9535,14.6227,0.1529825883736795,0.0014492753623188406
-60.976,14.6466,0.16853258732219525,0.0026490066225165563
-61.05975,14.62884,0.12364780890749469,0.0003073613032119256
-61.0205,14.6195,0.132457187931732,0.0005263157894736842
-60.96151,14.509465,0.15215414028595545,0.0013986013986013986
-61.004,14.6198,0.13165449921062297,0.0005026388539834129
-60.9799576,14.6554924,0.1428875647984986,0.0009132420091324201
-61.0729,14.6069,0.1238396172274822,0.0003112356053532524
-61.0350977,14.6328856,0.14334147177031822,0.0009337068160597573
-61.06052,14.60436,0.12652763830140754,0.0003694808793644929
-61.07133,14.61731,0.11919053644159311,0.00022714366837024418
-61.0412199,14.6173269,0.1202016721110002,0.0002437538086532602
-61.06172,14.61536,0.12859197526605415,0.00041946308724832214
-61.09,14.60546,0.12822266331121057,0.00041017227235438887
-61.0417,14.6184,0.12409766930714135,0.0003165057762304162
-61.0251142,14.6185609,0.1325034357384372,0.0005277044854881266
-61.05317,14.61239,0.11933177140370167,0.00022941041523285156
-61.07209,14.63546,0.12522721920514968,0.0003403675970047651
-60.9788,14.62637,0.21443402172070247,0.009433962264150943
-61.07541,14.60493,0.1238396172274822,0.0003112356053532524
-60.960878,14.52436,0.16618539573013735,0.00243605359317905
-60.978101,14.753563,0.18595688741597788,0.004618937644341801
-61.0269,14.61825,0.1325034357384372,0.0005277044854881266
-61.059555,14.605454,0.12092253815250495,0.00025614754098360657
-61.0484,14.61058,0.1202016721110002,0.0002437538086532602
-61.07264,14.62834,0.12522721920514968,0.0003403675970047651
-60.87401,14.473276,0.14697107223226397,0.0011092623405435386
-61.07415,14.61147,0.11919053644159311,0.00022714366837024418
-61.02421,14.61845,0.1325034357384372,0.0005277044854881266
-60.953513,14.73679,0.14517870284375267,0.0010198878123406426
-60.9914,14.6339,0.1608594760130434,0.001996007984031936
-61.06851,14.60758,0.12652763830140754,0.0003694808793644929
-61.054413,14.550941,0.15009394554728944,0.0012779552715654952
-60.976122,14.709578,0.17199476250597664,0.0029850746268656717
-61.100818,14.831818,0.3235154531486725,0.045454545454545456
-61.133412,14.871371,0.21400313074278354,0.009345794392523364
-61.03997,14.63575,0.14334147177031822,0.0009337068160597573
-61.04942,14.61652,0.1202016721110002,0.0002437538086532602
-61.07077,14.61116,0.11919053644159311,0.00022714366837024418
-60.979,14.597,0.18812318138149772,0.004914004914004914
-61.001,14.601,0.20511990258137494,0.007633587786259542
-60.9843,14.59466,0.18812318138149772,0.004914004914004914
-61.07264,14.60303,0.1238396172274822,0.0003112356053532524
-61.050736,14.65652,0.1709178299344863,0.0028776978417266188
-61.01568,14.62915,0.12942952067651292,0.0004411116012351125
-61.06393,14.60867,0.12652763830140754,0.0003694808793644929
-61.003714,14.74783,0.15794041030198713,0.0017793594306049821
-60.99172,14.61217,0.13374279184225693,0.0005659309564233164
-60.904493,14.488582,0.14191145953104753,0.0008703220191470844
-60.924159,14.468273,0.13828105275383443,0.0007233273056057866
-60.996746,14.612565,0.12804516653083256,0.0004057618178129438
-60.97851,14.656685,0.1428875647984986,0.0009132420091324201
-60.959661,14.6697,0.15435648864128157,0.0015360983102918587
-61.02076,14.732175,0.16973190573741528,0.0027624309392265192
-60.961335,14.571657,0.1508440496878009,0.001321003963011889
-60.881479,14.589917,0.20011157125545861,0.006756756756756757
-60.860741,14.520937,0.1865221982110868,0.004694835680751174
-60.909536,14.606419,0.2847748996615279,0.029850746268656716
-60.99712,14.61846,0.14674498569846664,0.0010976948408342481
-60.99716,14.6338,0.15771976824910536,0.001763668430335097
-61.06737,14.60164,0.12652763830140754,0.0003694808793644929
-61.0114,14.6535,0.14486995069609598,0.0010050251256281408
-60.99172,14.638329,0.15271327735172285,0.0014326647564469914
-60.991483,14.63491,0.1608594760130434,0.001996007984031936
-60.97154,14.63135,0.16969215118009143,0.002758620689655172
-61.06438,14.60512,0.12652763830140754,0.0003694808793644929
-60.97735,14.6569,0.1428875647984986,0.0009132420091324201
-61.06518,14.61127,0.12859197526605415,0.00041946308724832214
-61.0399,14.62712,0.12980421276870052,0.0004510599909788002
-61.0802,14.60405,0.13007676623010664,0.00045840018336007336
-61.00171,14.62247,0.14674498569846664,0.0010976948408342481
-60.9881,14.64844,0.1757880496616162,0.00338409475465313
-60.994689,14.619599,0.16170373929150425,0.002061855670103093
-61.06525,14.61162,0.12859197526605415,0.00041946308724832214
-61.05165,14.61689,0.11933177140370167,0.00022941041523285156
-61.08239,14.63911,0.14085271733130741,0.0008254230293025176
-61.05588,14.60817,0.12092253815250495,0.00025614754098360657
-61.068123,14.606767,0.12652763830140754,0.0003694808793644929
-60.977803,14.597206,0.18812318138149772,0.004914004914004914
-60.99439,14.59662,0.2506903984389969,0.018518518518518517
-60.991695,14.633972,0.1608594760130434,0.001996007984031936
-61.06517,14.60401,0.12652763830140754,0.0003694808793644929
-61.07473,14.64041,0.13551956885042912,0.0006242197253433209
-61.05816,14.59963,0.1361163655825682,0.0006447453255963894
-61.07021,14.60887,0.1238396172274822,0.0003112356053532524
-61.079,14.612,0.12731118848161002,0.0003878975950349108
-61.06324,14.60317,0.12652763830140754,0.0003694808793644929
-60.9869,14.59677,0.2506903984389969,0.018518518518518517
-61.0845,14.6047,0.13007676623010664,0.00045840018336007336
-61.02262,14.61848,0.1325034357384372,0.0005277044854881266
-61.0858,14.60499,0.13007676623010664,0.00045840018336007336
-61.017404,14.674038,0.15006517941966505,0.0012763241863433313
-61.06811,14.60688,0.12652763830140754,0.0003694808793644929
-61.04476,14.61244,0.1202016721110002,0.0002437538086532602
-61.0513,14.6019,0.12092253815250495,0.00025614754098360657
-61.013,14.616,0.1544482166667257,0.0015420200462606013
-61.05119,14.61444,0.11933177140370167,0.00022941041523285156
-61.03634,14.6167,0.16444456276083558,0.002285714285714286
-60.932992,14.532579,0.18718409459913868,0.004784688995215311
-61.108406,14.829397,0.19561862066213792,0.006024096385542169
-61.182076,14.720743,0.5581106265512472,0.16666666666666666
-60.921868,14.757389,0.18191184242804634,0.004098360655737705
-61.007628,14.621673,0.13165449921062297,0.0005026388539834129
-61.05591,14.61875,0.1271891684734674,0.00038498556304138594
-61.04041,14.626,0.12980421276870052,0.0004510599909788002
-60.95818,14.509253,0.22062394912909378,0.010752688172043012
-61.08794,14.60562,0.12822266331121057,0.00041017227235438887
-61.0826,14.61528,0.12731118848161002,0.0003878975950349108
-61.06962,14.60974,0.11919053644159311,0.00022714366837024418
-61.05321,14.61498,0.11933177140370167,0.00022941041523285156
-61.0435,14.6204,0.12409766930714135,0.0003165057762304162
-60.97472,14.64936,0.19827795135597165,0.0064516129032258064
-60.945177,14.556164,0.14821403202783281,0.0011743981209630064
-61.04949,14.61644,0.1202016721110002,0.0002437538086532602
-61.07689,14.61233,0.11919053644159311,0.00022714366837024418
-60.99867,14.606228,0.20511990258137494,0.007633587786259542
-61.07453,14.60229,0.1238396172274822,0.0003112356053532524
-61.0427,14.61158,0.1202016721110002,0.0002437538086532602
-61.0688,14.63321,0.12364780890749469,0.0003073613032119256
-61.002224,14.603818,0.20511990258137494,0.007633587786259542
-61.06126,14.61441,0.12859197526605415,0.00041946308724832214
-61.04994,14.61434,0.1202016721110002,0.0002437538086532602
-61.073368,14.609718,0.11919053644159311,0.00022714366837024418
-61.0585,14.615769,0.11933177140370167,0.00022941041523285156
-61.05916,14.61449,0.11933177140370167,0.00022941041523285156
-61.04889,14.61651,0.1202016721110002,0.0002437538086532602
-61.06856,14.6096,0.12859197526605415,0.00041946308724832214
-61.013182,14.614932,0.1544482166667257,0.0015420200462606013
-61.03923,14.62605,0.12980421276870052,0.0004510599909788002
-61.04305,14.60393,0.1330418244531085,0.000544069640914037
-61.06996,14.62075,0.12919876584560838,0.00043506634761801175
-60.98989,14.6226,0.16170373929150425,0.002061855670103093
-61.00528,14.61618,0.1544482166667257,0.0015420200462606013
-61.0035,14.6188,0.14674498569846664,0.0010976948408342481
-61.07152,14.60794,0.1238396172274822,0.0003112356053532524
-61.03881,14.61809,0.16444456276083558,0.002285714285714286
-60.99333,14.597428,0.2506903984389969,0.018518518518518517
-60.9918,14.633956,0.1608594760130434,0.001996007984031936
-60.98378,14.59346,0.18812318138149772,0.004914004914004914
-61.05459,14.61353,0.11933177140370167,0.00022941041523285156
-60.856728,14.563869,0.1841842587193285,0.0043859649122807015
-61.04082,14.61242,0.16444456276083558,0.002285714285714286
-61.04088,14.61253,0.16444456276083558,0.002285714285714286
-60.913986,14.627458,0.15917821389772857,0.001869158878504673
-60.965481,14.730622,0.16937673618781443,0.002728512960436562
-61.068,14.60444,0.12652763830140754,0.0003694808793644929
-61.0691,14.60774,0.1238396172274822,0.0003112356053532524
-60.98852,14.64833,0.1757880496616162,0.00338409475465313
-61.07057,14.6049,0.1238396172274822,0.0003112356053532524
-61.0483,14.613,0.1202016721110002,0.0002437538086532602
-61.0678,14.60482,0.12652763830140754,0.0003694808793644929
-60.983844,14.701042,0.17897896820764045,0.003745318352059925
-60.96024,14.570993,0.1508440496878009,0.001321003963011889
-61.042643,14.832887,0.14551533167799316,0.0010362694300518134
-60.988,14.5961,0.2506903984389969,0.018518518518518517
-60.85766,14.56535,0.1841842587193285,0.0043859649122807015
-60.91342,14.595367,0.17244076954535698,0.0030303030303030303
-60.99441,14.619715,0.16170373929150425,0.002061855670103093
-60.99225,14.62512,0.16170373929150425,0.002061855670103093
-61.05026,14.5995,0.23617733727628992,0.014492753623188406
-61.06932,14.60705,0.1238396172274822,0.0003112356053532524
-61.04519,14.61523,0.1202016721110002,0.0002437538086532602
-60.974488,14.546008,0.18388845457974975,0.004347826086956522
-60.98931,14.62757,0.1608594760130434,0.001996007984031936
-60.99185,14.6395,0.15271327735172285,0.0014326647564469914
-61.05331,14.64474,0.13265247242026496,0.0005321979776476849
-61.02081,14.620536,0.132457187931732,0.0005263157894736842
-60.992,14.64,0.15271327735172285,0.0014326647564469914
-61.018506,14.625186,0.132457187931732,0.0005263157894736842
-61.008202,14.626698,0.13165449921062297,0.0005026388539834129
-60.97773,14.63254,0.28599966750267436,0.030303030303030304
-61.02883,14.61804,0.1325034357384372,0.0005277044854881266
-61.032238,14.619803,0.12980421276870052,0.0004510599909788002
-61.02052,14.62076,0.132457187931732,0.0005263157894736842
-61.004469,14.611011,0.1544482166667257,0.0015420200462606013
-61.00087,14.61542,0.12804516653083256,0.0004057618178129438
-60.988248,14.596017,0.2506903984389969,0.018518518518518517
-61.04973,14.61455,0.1202016721110002,0.0002437538086532602
-61.0435,14.62025,0.12409766930714135,0.0003165057762304162
-61.072471,14.615409,0.11919053644159311,0.00022714366837024418
-61.06823,14.62632,0.12171042249696393,0.00027023375219564923
-61.055184,14.623765,0.1271891684734674,0.00038498556304138594
-61.07241,14.60741,0.1238396172274822,0.0003112356053532524
-61.0507,14.59932,0.1361163655825682,0.0006447453255963894
-61.07216,14.62234,0.12919876584560838,0.00043506634761801175
-61.07307,14.60642,0.1238396172274822,0.0003112356053532524
-61.07098,14.61079,0.11919053644159311,0.00022714366837024418
-61.039,14.6223,0.12980421276870052,0.0004510599909788002
-61.037377,14.618282,0.12980421276870052,0.0004510599909788002
-61.0726,14.63538,0.12522721920514968,0.0003403675970047651
-61.087326,14.605667,0.13007676623010664,0.00045840018336007336
-61.07069,14.636,0.12522721920514968,0.0003403675970047651
-61.05291,14.61272,0.11933177140370167,0.00022941041523285156
-61.03897,14.62608,0.12980421276870052,0.0004510599909788002
-61.026051,14.817817,0.15279700234645646,0.0014378145219266715
-61.136435,14.794364,0.24000008310904933,0.015503875968992248
-60.995,14.61734,0.12804516653083256,0.0004057618178129438
-61.00689,14.62464,0.13165449921062297,0.0005026388539834129
-61.07284,14.60726,0.1238396172274822,0.0003112356053532524
-60.99422,14.61945,0.16170373929150425,0.002061855670103093
-61.06104,14.61548,0.12859197526605415,0.00041946308724832214
-61.136644,14.642567,0.13578567671090808,0.0006333122229259025
-60.935178,14.465468,0.15226782944839107,0.0014054813773717498
-61.07867,14.61242,0.12731118848161002,0.0003878975950349108
-61.04201,14.61688,0.1202016721110002,0.0002437538086532602
-61.05663,14.61889,0.1271891684734674,0.00038498556304138594
-61.05495,14.60326,0.12092253815250495,0.00025614754098360657
-61.127766,14.867452,0.16336143688143898,0.0021953896816684962
-60.976183,14.740453,0.17402795669430518,0.003194888178913738
-61.03514,14.61808,0.12980421276870052,0.0004510599909788002
-61.07007,14.60322,0.1238396172274822,0.0003112356053532524
-61.05121,14.61417,0.11933177140370167,0.00022941041523285156
-60.993,14.6202,0.16170373929150425,0.002061855670103093
-61.015,14.651,0.1606795371629072,0.0019821605550049554
-60.9733,14.6545,0.1679756636589146,0.0025974025974025974
-61.04257,14.6028,0.1330418244531085,0.000544069640914037
-61.04191,14.63081,0.12429171927501714,0.0003205128205128205
-61.050105,14.487699,0.18117717974992686,0.004008016032064128
-60.992202,14.618,0.16170373929150425,0.002061855670103093
-61.0046,14.61864,0.13165449921062297,0.0005026388539834129
-61.0454,14.6082,0.1330418244531085,0.000544069640914037
-61.07602,14.61373,0.11919053644159311,0.00022714366837024418
-61.04422,14.61565,0.1202016721110002,0.0002437538086532602
-61.07126,14.60776,0.1238396172274822,0.0003112356053532524
-61.04675,14.60857,0.1330418244531085,0.000544069640914037
-60.927147,14.466398,0.13828105275383443,0.0007233273056057866
-61.01011,14.63845,0.1556845012619421,0.0016233766233766235
-61.0546,14.63741,0.13265247242026496,0.0005321979776476849
-61.096368,14.611901,0.12205975128537876,0.00027666343892654584
-60.99728,14.59857,0.25973030217227155,0.02127659574468085
-61.06034,14.63322,0.12364780890749469,0.0003073613032119256
-60.906105,14.57707,0.161171841453854,0.00202020202020202
-61.06735,14.60176,0.12652763830140754,0.0003694808793644929
-61.05448,14.60343,0.12092253815250495,0.00025614754098360657
-61.02116,14.62041,0.132457187931732,0.0005263157894736842
-61.011284,14.651649,0.14486995069609598,0.0010050251256281408
-61.016428,14.631453,0.12942952067651292,0.0004411116012351125
-60.912175,14.619438,0.21075117050092493,0.008695652173913044
-61.0832,14.61057,0.12731118848161002,0.0003878975950349108
-60.995962,14.755855,0.17691320904969376,0.0035087719298245615
-61.02306,14.63241,0.12842997709170983,0.0004153686396677051
-61.0579,14.62283,0.1271891684734674,0.00038498556304138594
-61.04711,14.61731,0.1202016721110002,0.0002437538086532602
-61.061853,14.617238,0.12859197526605415,0.00041946308724832214
-61.04277,14.61663,0.1202016721110002,0.0002437538086532602
-61.04581,14.61832,0.12409766930714135,0.0003165057762304162
-61.04267,14.61166,0.1202016721110002,0.0002437538086532602
-61.053528,14.615613,0.11933177140370167,0.00022941041523285156
-61.07329,14.63227,0.12522721920514968,0.0003403675970047651
-61.0463,14.61555,0.1202016721110002,0.0002437538086532602
-60.96188,14.737771,0.14364163410496392,0.0009474182851729038
-61.07032,14.60924,0.1238396172274822,0.0003112356053532524
-61.07946,14.60973,0.12731118848161002,0.0003878975950349108
-61.05176,14.61403,0.11933177140370167,0.00022941041523285156
-61.094104,14.610489,0.12205975128537876,0.00027666343892654584
-60.862178,14.572571,0.23307527170850925,0.0136986301369863
-60.97284,14.65636,0.1679756636589146,0.0025974025974025974
-61.05993,14.62756,0.12364780890749469,0.0003073613032119256
-61.017414,14.663867,0.170625571701647,0.002849002849002849
-61.00151,14.59819,0.25973030217227155,0.02127659574468085
-60.98819,14.62145,0.16170373929150425,0.002061855670103093
-61.05588,14.6162,0.11933177140370167,0.00022941041523285156
-60.983114,14.532383,0.15582273060516516,0.0016326530612244899
-60.940639,14.701385,0.1689121556471147,0.0026845637583892616
-60.942905,14.599795,0.15099498924390123,0.0013297872340425532
-61.026689,14.47964,0.15659163366601292,0.0016849199663016006
-60.829713,14.507747,0.28599966750267436,0.030303030303030304
-61.027832,14.780168,0.1748658009457886,0.003284072249589491
-60.976956,14.738668,0.17402795669430518,0.003194888178913738
-61.0708,14.6112,0.11919053644159311,0.00022714366837024418
-61.07869,14.61534,0.12731118848161002,0.0003878975950349108
-60.982058,14.765834,0.16761237088628497,0.002564102564102564
-60.98971,14.62289,0.16170373929150425,0.002061855670103093
-61.02081,14.6185,0.132457187931732,0.0005263157894736842
-60.99489,14.61739,0.12804516653083256,0.0004057618178129438
-61.00827,14.61235,0.1544482166667257,0.0015420200462606013
-61.04972,14.61048,0.1202016721110002,0.0002437538086532602
-61.06543,14.61158,0.12859197526605415,0.00041946308724832214
-61.06209,14.60684,0.12652763830140754,0.0003694808793644929
-61.069791,14.609014,0.1238396172274822,0.0003112356053532524
-61.04659,14.61492,0.1202016721110002,0.0002437538086532602
-61.0818,14.6064,0.13007676623010664,0.00045840018336007336
-61.048914,14.614484,0.1202016721110002,0.0002437538086532602
-60.99736,14.596937,0.25973030217227155,0.02127659574468085
-60.95555,14.61202,0.14662721414859559,0.001091703056768559
-61.01519,14.62765,0.12942952067651292,0.0004411116012351125
-61.0191,14.63451,0.12942952067651292,0.0004411116012351125
-61.020198,14.618298,0.132457187931732,0.0005263157894736842
-61.02278,14.61794,0.16429062103753578,0.0022727272727272726
-60.942693,14.700633,0.1689121556471147,0.0026845637583892616
-60.9888,14.6233,0.16170373929150425,0.002061855670103093
-61.04934,14.61648,0.1202016721110002,0.0002437538086532602
-61.073,14.6035,0.1238396172274822,0.0003112356053532524
-60.975293,14.525538,0.14781880835162556,0.0011534025374855825
-61.018982,14.622456,0.132457187931732,0.0005263157894736842
-60.840113,14.552804,0.13464664715834704,0.0005950609937518596
-60.971,14.6594,0.1679756636589146,0.0025974025974025974
-61.145152,14.70401,0.16342011062832618,0.0022002200220022
-61.020848,14.668641,0.170625571701647,0.002849002849002849
-61.01849,14.6225,0.132457187931732,0.0005263157894736842
-60.968384,14.700337,0.21810405518731263,0.01020408163265306
-60.9918,14.6377,0.15271327735172285,0.0014326647564469914
-60.911982,14.61487,0.45511961331341877,0.1111111111111111
-61.07488,14.62724,0.12919876584560838,0.00043506634761801175
-61.05909,14.61637,0.11933177140370167,0.00022941041523285156
-60.98424,14.5944,0.18812318138149772,0.004914004914004914
-61.06502,14.61086,0.12859197526605415,0.00041946308724832214
-60.9884,14.62194,0.16170373929150425,0.002061855670103093
-61.06513,14.6076,0.12652763830140754,0.0003694808793644929
-61.027,14.61825,0.1325034357384372,0.0005277044854881266
-61.05269,14.61319,0.11933177140370167,0.00022941041523285156
-60.99859,14.61122,0.12804516653083256,0.0004057618178129438
-61.07853,14.61148,0.12731118848161002,0.0003878975950349108
-61.05697,14.60244,0.12092253815250495,0.00025614754098360657
-60.873937,14.473369,0.14697107223226397,0.0011092623405435386
-61.05089,14.59929,0.1361163655825682,0.0006447453255963894
-61.08009,14.61255,0.12731118848161002,0.0003878975950349108
-61.08878,14.66596,0.22953106112437666,0.01282051282051282
-61.04958,14.63161,0.12429171927501714,0.0003205128205128205
-60.994348,14.619874,0.16170373929150425,0.002061855670103093
-60.9963,14.61995,0.14674498569846664,0.0010976948408342481
-61.00167,14.61871,0.14674498569846664,0.0010976948408342481
-61.07649,14.61292,0.11919053644159311,0.00022714366837024418
-61.00144,14.59809,0.25973030217227155,0.02127659574468085
-61.04498,14.61215,0.1202016721110002,0.0002437538086532602
-61.04243,14.61126,0.1202016721110002,0.0002437538086532602
-61.05952,14.6386,0.14771829934571265,0.001148105625717566
-61.05288,14.61441,0.11933177140370167,0.00022941041523285156
-61.05296,14.61389,0.11933177140370167,0.00022941041523285156
-61.00014,14.61595,0.12804516653083256,0.0004057618178129438
-61.04824,14.60989,0.1202016721110002,0.0002437538086532602
-61.01104,14.63211,0.1365528728628117,0.0006600660066006601
-61.00472,14.61577,0.1544482166667257,0.0015420200462606013
-61.07185,14.61034,0.11919053644159311,0.00022714366837024418
-61.05288,14.61431,0.11933177140370167,0.00022941041523285156
-60.98192,14.59348,0.18812318138149772,0.004914004914004914
-61.0048,14.60799,0.3284587387530511,0.047619047619047616
-61.0701,14.6197,0.12919876584560838,0.00043506634761801175
-61.0717,14.6167,0.11919053644159311,0.00022714366837024418
-61.07248,14.60579,0.1238396172274822,0.0003112356053532524
-61.04531,14.61083,0.1202016721110002,0.0002437538086532602
-61.06059,14.62003,0.12171042249696393,0.00027023375219564923
-61.07268,14.6285,0.12522721920514968,0.0003403675970047651
-60.968645,14.546073,0.18388845457974975,0.004347826086956522
-61.008627,14.771682,0.19236329154092097,0.0055248618784530384
-60.9843,14.5949,0.18812318138149772,0.004914004914004914
-61.03,14.618,0.16429062103753578,0.0022727272727272726
-61.07607,14.60224,0.1238396172274822,0.0003112356053532524
-61.06888,14.60763,0.12652763830140754,0.0003694808793644929
-60.98897,14.62356,0.16170373929150425,0.002061855670103093
-61.02332,14.63859,0.14980841363576955,0.0012618296529968455
-61.07171,14.60465,0.1238396172274822,0.0003112356053532524
-61.04577,14.61498,0.1202016721110002,0.0002437538086532602
-61.0469,14.6081,0.1330418244531085,0.000544069640914037
-61.07134,14.61712,0.11919053644159311,0.00022714366837024418
-61.04731,14.6144,0.1202016721110002,0.0002437538086532602
-61.058055,14.834292,0.19195751186603463,0.00546448087431694
-61.05969,14.63182,0.12364780890749469,0.0003073613032119256
-61.06393,14.61368,0.12859197526605415,0.00041946308724832214
-61.05032,14.61601,0.1202016721110002,0.0002437538086532602
-61.07353,14.60409,0.1238396172274822,0.0003112356053532524
-61.0466,14.61455,0.1202016721110002,0.0002437538086532602
-61.035393,14.805327,0.21959311237518594,0.010526315789473684
-61.086797,14.820737,0.17584039622841052,0.003389830508474576
-61.00082,14.61599,0.12804516653083256,0.0004057618178129438
-60.9958,14.60978,0.12804516653083256,0.0004057618178129438
-60.99062,14.61555,0.13374279184225693,0.0005659309564233164
-61.06011,14.60948,0.12859197526605415,0.00041946308724832214
-61.04614,14.61034,0.1202016721110002,0.0002437538086532602
-61.07088,14.60771,0.1238396172274822,0.0003112356053532524
-61.03863,14.61539,0.16444456276083558,0.002285714285714286
-61.124285,14.803861,0.9102392266268375,0.3333333333333333
-61.07519,14.63201,0.12522721920514968,0.0003403675970047651
-61.029663,14.478934,0.15659163366601292,0.0016849199663016006
-60.99041,14.492062,0.7213475204444817,0.25
-61.178417,14.698775,0.1779806716746757,0.003629764065335753
-61.17898,14.731966,0.2103673139243114,0.008620689655172414
-60.96245,14.666098,0.15435648864128157,0.0015360983102918587
-60.982363,14.524178,0.15026755191891125,0.00128783000643915
-61.00577,14.61881,0.13165449921062297,0.0005026388539834129
-61.051,14.6144,0.11933177140370167,0.00022941041523285156
-61.02917,14.61812,0.1325034357384372,0.0005277044854881266
-61.05803,14.60482,0.12092253815250495,0.00025614754098360657
-61.08375,14.60402,0.13007676623010664,0.00045840018336007336
-61.072421,14.606725,0.1238396172274822,0.0003112356053532524
-61.06777,14.60731,0.12652763830140754,0.0003694808793644929
-61.129811,14.868753,0.16336143688143898,0.0021953896816684962
-61.03955,14.61796,0.16444456276083558,0.002285714285714286
-61.0262,14.61824,0.1325034357384372,0.0005277044854881266
-60.9924,14.61497,0.13374279184225693,0.0005659309564233164
-61.04039,14.61778,0.16444456276083558,0.002285714285714286
-61.0782444,14.6019819,0.1238396172274822,0.0003112356053532524
-60.99229,14.6149,0.13374279184225693,0.0005659309564233164
-61.0017,14.62025,0.14674498569846664,0.0010976948408342481
-61.07387,14.60353,0.1238396172274822,0.0003112356053532524
-61.09012,14.60119,0.12822266331121057,0.00041017227235438887
-60.99805,14.60527,0.20511990258137494,0.007633587786259542
-61.000637,14.618658,0.14674498569846664,0.0010976948408342481
-60.97241,14.657197,0.1679756636589146,0.0025974025974025974
-60.98383,14.59415,0.18812318138149772,0.004914004914004914
-61.001616,14.616063,0.12804516653083256,0.0004057618178129438
-61.033476,14.618069,0.12980421276870052,0.0004510599909788002
-60.98792,14.64828,0.1757880496616162,0.00338409475465313
-61.03365,14.61819,0.12980421276870052,0.0004510599909788002
-61.02323,14.64452,0.14980841363576955,0.0012618296529968455
-61.01769,14.62027,0.132457187931732,0.0005263157894736842
-60.94855,14.60772,0.2227848098240302,0.011235955056179775
-61.05181,14.61405,0.11933177140370167,0.00022941041523285156
-61.0513,14.614,0.11933177140370167,0.00022941041523285156
-61.057,14.607,0.12092253815250495,0.00025614754098360657
-61.05672,14.61821,0.11933177140370167,0.00022941041523285156
-61.0592,14.6419,0.13265247242026496,0.0005321979776476849
-61.06675,14.60721,0.12652763830140754,0.0003694808793644929
-61.06511,14.61103,0.12859197526605415,0.00041946308724832214
-61.0377,14.6183,0.12980421276870052,0.0004510599909788002
-61.05369,14.63403,0.1278045766862161,0.00039984006397441024
-61.04425,14.646,0.19185702504472515,0.005449591280653951
-61.005266,14.619106,0.13165449921062297,0.0005026388539834129
-61.030026,14.61782,0.16429062103753578,0.0022727272727272726
-61.07169,14.61611,0.11919053644159311,0.00022714366837024418
-61.07529,14.64439,0.13551956885042912,0.0006242197253433209
-61.06075,14.61611,0.12859197526605415,0.00041946308724832214
-61.05509,14.63481,0.1278045766862161,0.00039984006397441024
-60.940596,14.701935,0.1689121556471147,0.0026845637583892616
-60.963148,14.739639,0.14364163410496392,0.0009474182851729038
-60.976514,14.597994,0.18812318138149772,0.004914004914004914
-60.988779,14.6233,0.16170373929150425,0.002061855670103093
-60.9779,14.6324,0.28599966750267436,0.030303030303030304
-61.0726,14.60349,0.1238396172274822,0.0003112356053532524
-60.857308,14.564762,0.1841842587193285,0.0043859649122807015
-61.08226,14.63869,0.14085271733130741,0.0008254230293025176
-61.07799,14.62032,0.12919876584560838,0.00043506634761801175
-61.04683,14.61003,0.1202016721110002,0.0002437538086532602
-61.04,14.6273,0.14334147177031822,0.0009337068160597573
-60.978951,14.564721,0.1700930389255421,0.002797202797202797
-61.05956,14.62898,0.1278045766862161,0.00039984006397441024
-61.04608,14.61637,0.1202016721110002,0.0002437538086532602
-61.0611,14.60335,0.12652763830140754,0.0003694808793644929
-61.05519,14.59664,0.1361163655825682,0.0006447453255963894
-61.08477,14.60482,0.13007676623010664,0.00045840018336007336
-61.072644,14.613294,0.11919053644159311,0.00022714366837024418
-61.0682,14.6337,0.12364780890749469,0.0003073613032119256
-61.123466,14.630615,0.14975186895573453,0.0012586532410320957
-60.9978,14.59666,0.25973030217227155,0.02127659574468085
-61.006898,14.618108,0.13165449921062297,0.0005026388539834129
-60.986841,14.595804,0.2506903984389969,0.018518518518518517
-61.05911,14.59596,0.1361163655825682,0.0006447453255963894
-61.024388,14.533141,0.1805923124338364,0.003937007874015748
-61.03941,14.61511,0.16444456276083558,0.002285714285714286
-61.027355,14.534049,0.1805923124338364,0.003937007874015748
-60.862241,14.572681,0.23307527170850925,0.0136986301369863
-61.138184,14.643693,0.13578567671090808,0.0006333122229259025
-60.943246,14.673073,0.13670131863742876,0.0006653359946773121
-60.955799,14.670094,0.16135637616624146,0.002034587995930824
-61.066306,14.836672,0.2023618696943225,0.007142857142857143
-60.975024,14.575552,0.12711774532696873,0.0003832886163280951
-60.903904,14.474864,0.15682026346283148,0.0017006802721088435
-60.950756,14.49549,0.1728500170264242,0.0030721966205837174
-61.152057,14.763415,0.3069276764301349,0.038461538461538464
-61.228548,14.8161,0.19493562262564004,0.005917159763313609
-61.153971,14.662318,0.15754508932251124,0.0017513134851138354
-61.137267,14.642982,0.13578567671090808,0.0006333122229259025
-60.874218,14.554081,0.183379169420684,0.004282655246252677
-61.094797,14.621431,0.13818454596036417,0.0007196833393306944
-61.044011,14.490878,0.18117717974992686,0.004008016032064128
-61.000887,14.610005,0.12804516653083256,0.0004057618178129438
-60.996,14.597,0.25973030217227155,0.02127659574468085
-61.00845,14.62715,0.1365528728628117,0.0006600660066006601
-61.03954,14.61872,0.12980421276870052,0.0004510599909788002
-61.079,14.62735,0.13287430610093867,0.0005389382915656157
-61.07188,14.61558,0.11919053644159311,0.00022714366837024418
-61.04858,14.6144,0.1202016721110002,0.0002437538086532602
-60.896796,14.491091,0.173266949911753,0.003115264797507788
-60.99017,14.6224,0.16170373929150425,0.002061855670103093
-61.0029,14.61635,0.12804516653083256,0.0004057618178129438
-61.07339,14.61018,0.11919053644159311,0.00022714366837024418
-61.05149,14.60697,0.12092253815250495,0.00025614754098360657
-61.05032,14.61614,0.1202016721110002,0.0002437538086532602
-60.944509,14.466523,0.2484254983984692,0.017857142857142856
-61.07317,14.60336,0.1238396172274822,0.0003112356053532524
-60.98294,14.59423,0.18812318138149772,0.004914004914004914
-61.02054,14.62073,0.132457187931732,0.0005263157894736842
-60.96791,14.6594,0.1679756636589146,0.0025974025974025974
-60.9846,14.5949,0.18812318138149772,0.004914004914004914
-61.07085,14.64129,0.13551956885042912,0.0006242197253433209
-60.97515,14.648814,0.19827795135597165,0.0064516129032258064
-61.033634,14.536212,0.15176979184844952,0.001375515818431912
-60.966411,14.522417,0.16618539573013735,0.00243605359317905
-60.986,14.65793,0.17862176294030402,0.003703703703703704
-61.0432,14.62078,0.12409766930714135,0.0003165057762304162
-61.07255,14.60478,0.1238396172274822,0.0003112356053532524
-60.98275,14.6251,0.21443402172070247,0.009433962264150943
-61.05896,14.62729,0.1271891684734674,0.00038498556304138594
-61.06335,14.60322,0.12652763830140754,0.0003694808793644929
-61.06065,14.61616,0.12859197526605415,0.00041946308724832214
-60.982881,14.589987,0.1770232891565654,0.0035211267605633804
-61.02581,14.61845,0.1325034357384372,0.0005277044854881266
-61.0533,14.6116,0.11933177140370167,0.00022941041523285156
-61.07084,14.61339,0.11919053644159311,0.00022714366837024418
-61.06118,14.62367,0.12171042249696393,0.00027023375219564923
-61.03553,14.61824,0.12980421276870052,0.0004510599909788002
-61.058989,14.538385,0.22062394912909378,0.010752688172043012
-61.183265,14.707099,0.16693895062784217,0.0025031289111389237
-61.031544,14.711467,0.2044843780639489,0.007518796992481203
-60.945595,14.508078,0.17775183602112904,0.0036036036036036037
-61.02819,14.753832,0.181375337569308,0.004032258064516129
-60.992397,14.781694,0.16628655898262215,0.0024449877750611247
-60.9907,14.62219,0.16170373929150425,0.002061855670103093
-61.08558,14.60543,0.13007676623010664,0.00045840018336007336
-61.04302,14.61643,0.1202016721110002,0.0002437538086532602
-61.0675,14.6064,0.12652763830140754,0.0003694808793644929
-61.04925,14.61656,0.1202016721110002,0.0002437538086532602
-61.163745,14.693882,0.23868315209103041,0.015151515151515152
-60.9924,14.5963,0.2506903984389969,0.018518518518518517
-61.016865,14.528816,0.40242960438184466,0.08333333333333333
-60.99178,14.620995,0.16170373929150425,0.002061855670103093
-60.862114,14.57253,0.23307527170850925,0.0136986301369863
-61.013182,14.614932,0.1544482166667257,0.0015420200462606013
-61.04308,14.62128,0.12409766930714135,0.0003165057762304162
-61.0366,14.618,0.16444456276083558,0.002285714285714286
-61.04835,14.61033,0.1202016721110002,0.0002437538086532602
-61.07078,14.61121,0.11919053644159311,0.00022714366837024418
-60.98882,14.649082,0.1757880496616162,0.00338409475465313
-61.00032,14.60093,0.20511990258137494,0.007633587786259542
-61.07897,14.61,0.12731118848161002,0.0003878975950349108
-61.04529,14.61138,0.1202016721110002,0.0002437538086532602
-61.033994,14.51835,0.29697420437337013,0.034482758620689655
-61.017553,14.664163,0.170625571701647,0.002849002849002849
-60.919948,14.633609,0.15917821389772857,0.001869158878504673
-61.111115,14.628101,0.14056876154399017,0.0008136696501220504
-60.94713,14.674329,0.13670131863742876,0.0006653359946773121
-61.0725,14.6058,0.1238396172274822,0.0003112356053532524
-60.943222,14.672949,0.13670131863742876,0.0006653359946773121
-60.955424,14.519311,0.19165718337331952,0.005420054200542005
-60.908852,14.615203,0.14140276047260955,0.0008485362749257531
-61.102631,14.621484,0.13350688891674603,0.0005585032113934655
-61.05224,14.611403,0.11933177140370167,0.00022941041523285156
-61.03827,14.61852,0.12980421276870052,0.0004510599909788002
-61.01151,14.633,0.1365528728628117,0.0006600660066006601
-61.022015,14.645476,0.1606795371629072,0.0019821605550049554
-61.07973,14.63182,0.14318872775021063,0.0009267840593141798
-61.0412,14.63926,0.15303353826711188,0.0014524328249818446
-61.05315,14.61247,0.11933177140370167,0.00022941041523285156
-61.03412,14.61803,0.16444456276083558,0.002285714285714286
-61.059,14.60494,0.12092253815250495,0.00025614754098360657
-61.0726,14.6043,0.1238396172274822,0.0003112356053532524
-61.0726,14.6051,0.1238396172274822,0.0003112356053532524
